item,Price,Source
PCB + Shipping + 3D Prints - Coupons ,23.14,JLCPCB
KeyCaps ,15.04,https://meckeys.com/shop/accessories/keyboard-accessories/keycaps/ranuw-keycap-set/
Stabilizers,10.76,https://meckeys.com/shop/accessories/keyboard-accessories/more/glorious-goat-stabilizers/
Switches  (pack of 10) x 7 ,22.1,https://meckeys.com/shop/accessories/keyboard-accessories/key-switches/hmx-xinhai-switch/?attribute_pa_key-switches=hmx-xinhai-45g
Expander x 2 ,6.22,https://robu.in/product/pca9555dwr-texas-instruments-400khz-soic-24-300mil-i-o-expanders-rohs/
Rp-2040 , 5.92 , https://robu.in/product/seeed-studio-xiao-rp2040-v1-0/
1N4148W-T4 diodes (Pack of 15) X 70 ,3.2,https://sharvielectronics.com/product/a7-1n4007-100v-1a-silicon-rectifier-diode-sod-123fl-smd-package/
SK6812MINI-E,8.1,https://www.etstore.in/products/e9974?variant=48993209319675
Components shipping (from all the three websites except jlcpcb),3.3, https://sharvielectronics.com / https://meckeys.com / https://robu.in 
Total,$97.78,
